transaction_id,customer_id,transaction_date,customer_birthdate,birthday_eligible,items_count,most_expensive_item,subtotal,coupon_used,coupon_deducted,birthday_discount_used,birthday_discount_deducted,total_amount
1,1001,2025-02-07,1971-02-14,0,3,47.41,108.49,0,0.0,0,0.0,108.49
2,1001,2025-03-08,1971-02-14,1,1,36.56,36.56,0,0.0,0,0.0,36.56
3,1001,2025-04-10,1971-02-14,0,3,38.47,89.04,0,0.0,0,0.0,89.04
4,1001,2025-08-01,1971-02-14,0,3,45.55,119.72,0,0.0,0,0.0,119.72
5,1001,2025-08-22,1971-02-14,0,3,85.83,151.9,1,5.0,0,0.0,146.9
6,1001,2025-10-22,1971-02-14,0,1,58.31,58.31,1,5.0,0,0.0,53.31
7,1001,2025-11-19,1971-02-14,0,3,37.13,95.16,0,0.0,0,0.0,95.16
8,1002,2025-02-11,1974-08-07,0,3,45.98,102.77,0,0.0,0,0.0,102.77
9,1002,2025-03-12,1974-08-07,0,2,80.86,123.7,0,0.0,0,0.0,123.7
10,1002,2025-03-19,1974-08-07,0,3,48.87,111.46,1,5.0,0,0.0,106.46
11,1002,2025-04-29,1974-08-07,0,2,47.95,85.94,1,5.0,0,0.0,80.94
12,1002,2025-07-16,1974-08-07,0,2,33.35,53.92,0,0.0,0,0.0,53.92
13,1002,2025-08-11,1974-08-07,1,3,66.01,173.19,1,5.0,0,0.0,168.19
14,1002,2025-12-22,1974-08-07,0,2,36.42,67.67,0,0.0,0,0.0,67.67
21,1003,2025-03-02,1971-03-11,0,2,16.76,29.87,0,0.0,0,0.0,29.87
22,1003,2025-03-27,1971-03-11,1,2,43.8,71.61,0,0.0,0,0.0,71.61
23,1003,2025-03-29,1971-03-11,1,3,46.1,124.88,0,0.0,0,0.0,124.88
24,1003,2025-04-10,1971-03-11,1,3,41.11,112.64,1,5.0,0,0.0,107.64
25,1003,2025-11-09,1971-03-11,0,2,58.81,75.16,0,0.0,0,0.0,75.16
26,1003,2025-11-09,1971-03-11,0,2,44.67,84.31,0,0.0,0,0.0,84.31
45,1004,2025-05-14,1986-02-07,0,1,14.5,14.5,0,0.0,0,0.0,14.5
46,1004,2025-06-25,1986-02-07,0,3,32.82,72.82,0,0.0,0,0.0,72.82
47,1004,2025-07-03,1986-02-07,0,1,93.62,93.62,0,0.0,0,0.0,93.62
48,1004,2025-08-06,1986-02-07,0,3,36.73,91.41,1,5.0,0,0.0,86.41
49,1005,2025-01-31,1990-08-11,0,3,79.11,157.18,0,0.0,0,0.0,157.18
50,1005,2025-02-06,1990-08-11,0,2,30.79,61.18,1,5.0,0,0.0,56.18
51,1005,2025-03-14,1990-08-11,0,2,33.42,63.93,0,0.0,0,0.0,63.93
52,1005,2025-03-26,1990-08-11,0,3,79.98,198.13,0,0.0,0,0.0,198.13
53,1005,2025-06-07,1990-08-11,0,1,35.25,35.25,0,0.0,0,0.0,35.25
54,1005,2025-08-30,1990-08-11,1,3,79.03,147.62,0,0.0,0,0.0,147.62
60,1006,2025-03-16,1973-02-13,0,2,44.87,76.26,0,0.0,0,0.0,76.26
61,1006,2025-05-03,1973-02-13,0,1,31.16,31.16,0,0.0,0,0.0,31.16
62,1006,2025-05-22,1973-02-13,0,1,37.16,37.16,0,0.0,0,0.0,37.16
63,1006,2025-07-02,1973-02-13,0,3,39.43,107.82,0,0.0,0,0.0,107.82
64,1006,2025-11-05,1973-02-13,0,1,85.24,85.24,0,0.0,0,0.0,85.24
65,1007,2025-02-05,1980-06-11,0,3,43.19,95.72,0,0.0,0,0.0,95.72
66,1007,2025-05-22,1980-06-11,0,1,34.83,34.83,0,0.0,0,0.0,34.83
67,1007,2025-06-24,1980-06-11,1,2,36.82,71.64,0,0.0,0,0.0,71.64
68,1007,2025-07-10,1980-06-11,1,1,67.15,67.15,1,5.0,1,13.43,48.72
69,1007,2025-08-01,1980-06-11,0,2,52.33,73.19,0,0.0,0,0.0,73.19
84,1008,2025-02-24,1993-12-17,0,2,89.33,131.12,0,0.0,0,0.0,131.12
85,1008,2025-05-02,1993-12-17,0,2,79.2,96.97,0,0.0,0,0.0,96.97
86,1008,2025-07-03,1993-12-17,0,3,84.05,166.44,0,0.0,0,0.0,166.44
87,1008,2025-07-15,1993-12-17,0,1,39.3,39.3,1,5.0,0,0.0,34.3
88,1008,2025-10-20,1993-12-17,0,3,42.54,109.53,0,0.0,0,0.0,109.53
89,1008,2025-12-26,1993-12-17,1,1,36.57,36.57,0,0.0,0,0.0,36.57
90,1009,2025-02-16,1998-09-16,0,1,15.38,15.38,0,0.0,0,0.0,15.38
91,1009,2025-03-09,1998-09-16,0,2,67.7,105.99,0,0.0,0,0.0,105.99
92,1009,2025-06-01,1998-09-16,0,2,86.1,131.39,0,0.0,0,0.0,131.39
93,1009,2025-06-17,1998-09-16,0,2,88.99,107.58,1,5.0,0,0.0,102.58
94,1009,2025-07-06,1998-09-16,0,3,61.83,131.13,1,5.0,0,0.0,126.13
95,1009,2025-08-01,1998-09-16,0,2,36.72,73.43,1,5.0,0,0.0,68.43
96,1009,2025-09-21,1998-09-16,1,3,42.19,120.11,0,0.0,0,0.0,120.11
97,1010,2025-02-02,1980-04-10,0,2,72.24,101.58,0,0.0,0,0.0,101.58
98,1010,2025-04-24,1980-04-10,1,1,37.81,37.81,0,0.0,1,7.56,30.25
99,1010,2025-05-06,1980-04-10,1,1,30.74,30.74,0,0.0,0,0.0,30.74
100,1010,2025-06-17,1980-04-10,0,2,48.91,86.33,1,5.0,0,0.0,81.33
101,1010,2025-11-09,1980-04-10,0,2,43.27,86.36,0,0.0,0,0.0,86.36
102,1010,2025-11-22,1980-04-10,0,2,90.7,124.89,0,0.0,0,0.0,124.89
103,1010,2025-11-28,1980-04-10,0,1,39.5,39.5,0,0.0,0,0.0,39.5
115,1011,2025-01-16,1981-01-23,0,2,37.11,51.54,0,0.0,0,0.0,51.54
116,1011,2025-02-01,1981-01-23,1,1,29.55,29.55,0,0.0,0,0.0,29.55
117,1011,2025-02-07,1981-01-23,1,1,32.65,32.65,0,0.0,0,0.0,32.65
118,1011,2025-06-04,1981-01-23,0,3,38.12,110.45,0,0.0,0,0.0,110.45
119,1011,2025-08-23,1981-01-23,0,3,72.89,131.36,0,0.0,0,0.0,131.36
120,1011,2025-09-24,1981-01-23,0,1,45.85,45.85,1,5.0,0,0.0,40.85
121,1011,2025-11-26,1981-01-23,0,2,36.23,52.87,0,0.0,0,0.0,52.87
128,1012,2025-02-25,1992-11-09,0,2,36.79,62.93,0,0.0,0,0.0,62.93
129,1012,2025-02-26,1992-11-09,0,1,36.0,36.0,0,0.0,0,0.0,36.0
130,1012,2025-06-28,1992-11-09,0,1,49.43,49.43,0,0.0,0,0.0,49.43
131,1012,2025-11-14,1992-11-09,1,1,34.29,34.29,0,0.0,1,6.86,27.43
132,1012,2025-11-24,1992-11-09,1,2,33.11,46.34,0,0.0,0,0.0,46.34
133,1012,2025-12-20,1992-11-09,0,3,61.48,113.6,0,0.0,0,0.0,113.6
134,1012,2025-12-23,1992-11-09,0,2,36.62,69.34,0,0.0,0,0.0,69.34
149,1013,2025-09-26,1993-09-26,1,3,88.73,171.99,0,0.0,1,17.75,154.24
150,1013,2025-10-04,1993-09-26,1,3,41.14,114.99,1,5.0,0,0.0,109.99
151,1013,2025-10-20,1993-09-26,1,2,34.51,61.87,0,0.0,0,0.0,61.87
152,1013,2025-11-07,1993-09-26,0,2,68.44,86.98,1,5.0,0,0.0,81.98
153,1013,2025-12-14,1993-09-26,0,3,97.26,171.59,0,0.0,0,0.0,171.59
154,1014,2025-04-25,2002-05-01,0,1,38.1,38.1,0,0.0,0,0.0,38.1
155,1014,2025-05-14,2002-05-01,1,2,79.37,89.75,0,0.0,0,0.0,89.75
156,1014,2025-05-31,2002-05-01,1,3,33.72,98.12,0,0.0,0,0.0,98.12
157,1014,2025-07-21,2002-05-01,0,2,42.61,74.17,1,5.0,0,0.0,69.17
158,1014,2025-10-08,2002-05-01,0,2,16.77,29.6,0,0.0,0,0.0,29.6
159,1014,2025-10-21,2002-05-01,0,3,62.44,156.88,0,0.0,0,0.0,156.88
160,1014,2025-12-13,2002-05-01,0,2,41.88,73.8,1,5.0,0,0.0,68.8
168,1015,2025-03-02,1970-02-23,1,3,65.81,154.22,0,0.0,0,0.0,154.22
169,1015,2025-07-14,1970-02-23,0,3,71.45,146.03,0,0.0,0,0.0,146.03
170,1015,2025-10-04,1970-02-23,0,1,34.14,34.14,0,0.0,0,0.0,34.14
171,1015,2025-10-06,1970-02-23,0,2,39.33,53.03,0,0.0,0,0.0,53.03
172,1015,2025-12-28,1970-02-23,0,3,72.88,169.15,0,0.0,0,0.0,169.15
178,1016,2025-01-10,1997-04-26,0,1,40.9,40.9,0,0.0,0,0.0,40.9
179,1016,2025-02-10,1997-04-26,0,3,37.14,101.12,0,0.0,0,0.0,101.12
180,1016,2025-04-21,1997-04-26,0,3,75.45,121.56,0,0.0,0,0.0,121.56
181,1016,2025-05-12,1997-04-26,1,1,35.82,35.82,1,5.0,0,0.0,30.82
182,1016,2025-05-22,1997-04-26,1,1,33.6,33.6,0,0.0,0,0.0,33.6
183,1017,2025-02-13,1994-03-13,0,1,86.31,86.31,0,0.0,0,0.0,86.31
184,1017,2025-03-24,1994-03-13,1,3,49.53,121.59,0,0.0,0,0.0,121.59
185,1017,2025-04-06,1994-03-13,1,1,27.61,27.61,1,5.0,0,0.0,22.61
186,1017,2025-09-26,1994-03-13,0,1,42.56,42.56,0,0.0,0,0.0,42.56
187,1017,2025-12-07,1994-03-13,0,3,45.51,98.16,0,0.0,0,0.0,98.16
188,1017,2025-12-09,1994-03-13,0,3,41.63,110.98,0,0.0,0,0.0,110.98
189,1018,2025-05-10,1970-11-16,0,1,33.43,33.43,0,0.0,0,0.0,33.43
190,1018,2025-05-12,1970-11-16,0,2,67.59,108.88,0,0.0,0,0.0,108.88
191,1018,2025-06-21,1970-11-16,0,1,37.23,37.23,0,0.0,0,0.0,37.23
192,1018,2025-07-15,1970-11-16,0,1,59.95,59.95,1,5.0,0,0.0,54.95
193,1018,2025-11-19,1970-11-16,1,1,43.1,43.1,0,0.0,0,0.0,43.1
194,1018,2025-11-22,1970-11-16,1,2,89.2,126.92,0,0.0,0,0.0,126.92
201,1019,2025-01-18,1973-02-07,0,3,44.22,127.02,0,0.0,0,0.0,127.02
202,1019,2025-02-04,1973-02-07,0,2,31.37,45.03,0,0.0,0,0.0,45.03
203,1019,2025-03-03,1973-02-07,1,2,34.7,66.39,1,5.0,0,0.0,61.39
204,1019,2025-03-06,1973-02-07,1,2,83.24,114.41,0,0.0,1,16.65,97.76
205,1019,2025-05-01,1973-02-07,0,3,74.73,136.32,1,5.0,0,0.0,131.32
206,1019,2025-08-13,1973-02-07,0,1,38.98,38.98,0,0.0,0,0.0,38.98
207,1019,2025-12-14,1973-02-07,0,2,89.02,148.61,0,0.0,0,0.0,148.61
208,1020,2025-02-03,1994-08-30,0,2,77.81,120.55,0,0.0,0,0.0,120.55
209,1020,2025-05-29,1994-08-30,0,2,32.0,43.38,0,0.0,0,0.0,43.38
210,1020,2025-06-27,1994-08-30,0,2,42.04,55.72,1,5.0,0,0.0,50.72
211,1020,2025-09-27,1994-08-30,1,3,81.5,110.25,0,0.0,1,16.3,93.95
212,1020,2025-10-05,1994-08-30,0,2,59.16,91.36,1,5.0,0,0.0,86.36
213,1020,2025-10-09,1994-08-30,0,3,38.28,85.05,0,0.0,0,0.0,85.05
214,1020,2025-12-30,1994-08-30,0,3,61.65,131.08,0,0.0,0,0.0,131.08
215,1021,2025-03-24,1979-07-03,0,3,72.36,129.98,0,0.0,0,0.0,129.98
216,1021,2025-03-26,1979-07-03,0,3,39.6,100.33,0,0.0,0,0.0,100.33
217,1021,2025-06-05,1979-07-03,0,3,42.63,99.93,0,0.0,0,0.0,99.93
218,1021,2025-06-15,1979-07-03,0,1,19.48,19.48,1,5.0,0,0.0,14.48
219,1021,2025-08-01,1979-07-03,1,3,43.32,96.27,0,0.0,1,8.66,87.61
240,1022,2025-01-14,1973-03-09,0,3,51.63,131.68,0,0.0,0,0.0,131.68
241,1022,2025-04-08,1973-03-09,1,3,46.42,123.41,0,0.0,1,9.28,114.13
242,1022,2025-05-16,1973-03-09,0,3,35.84,64.24,1,5.0,0,0.0,59.24
243,1022,2025-08-31,1973-03-09,0,3,71.86,160.13,0,0.0,0,0.0,160.13
244,1022,2025-11-02,1973-03-09,0,2,71.29,110.85,0,0.0,0,0.0,110.85
245,1022,2025-11-19,1973-03-09,0,2,70.62,115.14,0,0.0,0,0.0,115.14
246,1022,2025-12-19,1973-03-09,0,3,58.71,123.95,0,0.0,0,0.0,123.95
247,1023,2025-04-17,1984-10-27,0,3,39.33,110.85,0,0.0,0,0.0,110.85
248,1023,2025-04-26,1984-10-27,0,3,84.13,179.39,0,0.0,0,0.0,179.39
249,1023,2025-05-28,1984-10-27,0,2,97.71,108.49,1,5.0,0,0.0,103.49
250,1023,2025-06-02,1984-10-27,0,3,39.32,103.99,1,5.0,0,0.0,98.99
251,1023,2025-11-18,1984-10-27,1,1,17.4,17.4,0,0.0,1,3.48,13.92
252,1023,2025-12-27,1984-10-27,0,1,33.39,33.39,0,0.0,0,0.0,33.39
260,1024,2025-08-06,1995-11-06,0,1,64.03,64.03,0,0.0,0,0.0,64.03
261,1024,2025-11-01,1995-11-06,0,1,39.91,39.91,0,0.0,0,0.0,39.91
262,1024,2025-11-21,1995-11-06,1,3,37.36,104.52,0,0.0,0,0.0,104.52
263,1024,2025-12-04,1995-11-06,1,1,37.11,37.11,0,0.0,0,0.0,37.11
264,1024,2025-12-07,1995-11-06,0,2,36.68,69.27,0,0.0,0,0.0,69.27
265,1024,2025-12-17,1995-11-06,0,1,74.31,74.31,0,0.0,0,0.0,74.31
266,1025,2025-01-04,1978-07-17,0,2,91.68,117.94,0,0.0,0,0.0,117.94
267,1025,2025-05-01,1978-07-17,0,3,43.71,104.05,0,0.0,0,0.0,104.05
268,1025,2025-05-14,1978-07-17,0,3,58.21,128.85,1,5.0,0,0.0,123.85
269,1025,2025-07-16,1978-07-17,0,1,34.54,34.54,0,0.0,0,0.0,34.54
270,1025,2025-07-31,1978-07-17,1,3,84.76,174.96,0,0.0,0,0.0,174.96
287,1026,2025-03-11,1990-02-15,1,3,72.4,162.38,0,0.0,0,0.0,162.38
288,1026,2025-06-13,1990-02-15,0,2,97.34,116.13,0,0.0,0,0.0,116.13
289,1026,2025-10-22,1990-02-15,0,3,39.64,90.32,0,0.0,0,0.0,90.32
290,1026,2025-10-23,1990-02-15,0,3,44.1,93.86,1,5.0,0,0.0,88.86
291,1026,2025-11-03,1990-02-15,0,1,42.97,42.97,1,5.0,0,0.0,37.97
301,1027,2025-02-20,2003-10-21,0,2,32.18,63.48,0,0.0,0,0.0,63.48
302,1027,2025-04-15,2003-10-21,0,2,40.79,75.21,0,0.0,0,0.0,75.21
303,1027,2025-06-13,2003-10-21,0,1,35.11,35.11,0,0.0,0,0.0,35.11
304,1027,2025-08-27,2003-10-21,0,1,36.54,36.54,0,0.0,0,0.0,36.54
305,1027,2025-08-29,2003-10-21,0,3,52.18,130.14,0,0.0,0,0.0,130.14
306,1027,2025-11-01,2003-10-21,1,3,44.64,123.8,0,0.0,0,0.0,123.8
314,1028,2025-04-09,1987-07-07,0,2,35.73,63.18,0,0.0,0,0.0,63.18
315,1028,2025-05-04,1987-07-07,0,3,49.79,117.94,0,0.0,0,0.0,117.94
316,1028,2025-07-15,1987-07-07,1,3,46.57,83.34,0,0.0,1,9.31,74.03
317,1028,2025-09-27,1987-07-07,0,1,18.44,18.44,0,0.0,0,0.0,18.44
318,1028,2025-11-14,1987-07-07,0,3,51.27,122.03,0,0.0,0,0.0,122.03
324,1029,2025-01-16,1979-10-07,0,2,39.4,75.75,0,0.0,0,0.0,75.75
325,1029,2025-05-20,1979-10-07,0,3,34.42,98.52,0,0.0,0,0.0,98.52
326,1029,2025-06-17,1979-10-07,0,2,44.78,61.11,1,5.0,0,0.0,56.11
327,1029,2025-07-23,1979-10-07,0,2,48.62,63.06,0,0.0,0,0.0,63.06
328,1029,2025-11-01,1979-10-07,1,2,15.56,29.86,0,0.0,0,0.0,29.86
329,1029,2025-11-01,1979-10-07,1,3,33.78,77.97,0,0.0,0,0.0,77.97
330,1029,2025-11-21,1979-10-07,0,2,43.39,61.17,0,0.0,0,0.0,61.17
361,1030,2025-02-03,2000-01-16,1,2,39.18,74.54,0,0.0,0,0.0,74.54
362,1030,2025-03-12,2000-01-16,0,1,37.33,37.33,0,0.0,0,0.0,37.33
363,1030,2025-03-14,2000-01-16,0,1,36.83,36.83,0,0.0,0,0.0,36.83
364,1030,2025-07-18,2000-01-16,0,3,45.56,76.55,0,0.0,0,0.0,76.55
365,1030,2025-08-03,2000-01-16,0,3,40.64,108.94,1,5.0,0,0.0,103.94
366,1030,2025-09-19,2000-01-16,0,3,46.12,88.89,1,5.0,0,0.0,83.89
367,1030,2025-11-02,2000-01-16,0,2,45.31,82.73,0,0.0,0,0.0,82.73
375,1031,2025-01-31,1973-04-03,0,3,74.84,127.16,0,0.0,0,0.0,127.16
376,1031,2025-02-18,1973-04-03,0,3,41.06,85.92,0,0.0,0,0.0,85.92
377,1031,2025-03-11,1973-04-03,0,1,43.99,43.99,1,5.0,0,0.0,38.99
378,1031,2025-04-30,1973-04-03,1,3,93.21,199.07,0,0.0,0,0.0,199.07
379,1031,2025-05-22,1973-04-03,0,3,85.49,144.38,1,5.0,0,0.0,139.38
380,1031,2025-07-30,1973-04-03,0,2,32.68,56.91,0,0.0,0,0.0,56.91
381,1031,2025-12-14,1973-04-03,0,2,39.58,76.85,0,0.0,0,0.0,76.85
382,1032,2025-01-24,1973-04-15,0,2,83.69,95.26,0,0.0,0,0.0,95.26
383,1032,2025-01-25,1973-04-15,0,2,42.99,65.62,0,0.0,0,0.0,65.62
384,1032,2025-02-20,1973-04-15,0,1,76.29,76.29,1,5.0,0,0.0,71.29
385,1032,2025-05-10,1973-04-15,1,1,33.75,33.75,0,0.0,0,0.0,33.75
386,1032,2025-11-17,1973-04-15,0,2,39.37,70.14,0,0.0,0,0.0,70.14
387,1032,2025-12-16,1973-04-15,0,3,44.06,101.21,0,0.0,0,0.0,101.21
388,1033,2025-04-26,1980-12-16,0,1,13.43,13.43,0,0.0,0,0.0,13.43
389,1033,2025-09-23,1980-12-16,0,1,72.66,72.66,0,0.0,0,0.0,72.66
390,1033,2025-10-31,1980-12-16,0,1,32.28,32.28,0,0.0,0,0.0,32.28
391,1033,2025-12-15,1980-12-16,0,1,32.04,32.04,0,0.0,0,0.0,32.04
392,1033,2025-12-30,1980-12-16,1,2,45.51,80.69,0,0.0,0,0.0,80.69
393,1034,2025-02-05,2001-07-23,0,3,39.41,88.12,0,0.0,0,0.0,88.12
394,1034,2025-03-15,2001-07-23,0,2,38.96,72.21,0,0.0,0,0.0,72.21
395,1034,2025-08-08,2001-07-23,1,1,47.68,47.68,0,0.0,1,9.54,38.14
396,1034,2025-11-25,2001-07-23,0,2,44.98,77.45,0,0.0,0,0.0,77.45
397,1034,2025-12-13,2001-07-23,0,3,41.67,98.09,0,0.0,0,0.0,98.09
398,1035,2025-04-07,1983-06-07,0,2,47.54,67.08,0,0.0,0,0.0,67.08
399,1035,2025-04-16,1983-06-07,0,2,41.3,62.71,0,0.0,0,0.0,62.71
400,1035,2025-06-04,1983-06-07,0,1,88.01,88.01,0,0.0,0,0.0,88.01
401,1035,2025-06-30,1983-06-07,1,1,46.13,46.13,1,5.0,0,0.0,41.13
402,1035,2025-09-18,1983-06-07,0,2,49.08,93.38,0,0.0,0,0.0,93.38
403,1035,2025-09-23,1983-06-07,0,1,10.67,10.67,1,5.0,0,0.0,5.67
404,1035,2025-11-07,1983-06-07,0,2,81.93,120.89,0,0.0,0,0.0,120.89
405,1036,2025-08-01,1974-10-20,0,2,32.76,48.91,0,0.0,0,0.0,48.91
406,1036,2025-08-05,1974-10-20,0,2,74.65,94.38,0,0.0,0,0.0,94.38
407,1036,2025-09-14,1974-10-20,0,2,46.02,86.23,0,0.0,0,0.0,86.23
408,1036,2025-11-11,1974-10-20,1,1,36.49,36.49,1,5.0,0,0.0,31.49
409,1036,2025-11-18,1974-10-20,1,1,10.85,10.85,0,0.0,0,0.0,10.85
410,1036,2025-12-31,1974-10-20,0,2,39.98,50.52,0,0.0,0,0.0,50.52
411,1037,2025-01-07,1979-06-13,0,1,33.46,33.46,0,0.0,0,0.0,33.46
412,1037,2025-03-03,1979-06-13,0,3,45.61,104.78,0,0.0,0,0.0,104.78
413,1037,2025-03-12,1979-06-13,0,1,30.87,30.87,0,0.0,0,0.0,30.87
414,1037,2025-03-31,1979-06-13,0,2,34.24,50.0,1,5.0,0,0.0,45.0
415,1037,2025-06-13,1979-06-13,1,1,35.1,35.1,0,0.0,0,0.0,35.1
416,1037,2025-12-26,1979-06-13,0,1,35.66,35.66,0,0.0,0,0.0,35.66
417,1037,2025-12-29,1979-06-13,0,2,50.21,69.14,0,0.0,0,0.0,69.14
418,1038,2025-05-16,1992-09-02,0,1,29.43,29.43,0,0.0,0,0.0,29.43
419,1038,2025-07-13,1992-09-02,0,2,98.8,119.5,0,0.0,0,0.0,119.5
420,1038,2025-09-03,1992-09-02,1,3,38.32,108.01,0,0.0,0,0.0,108.01
421,1038,2025-09-23,1992-09-02,1,1,31.78,31.78,1,5.0,0,0.0,26.78
422,1038,2025-11-21,1992-09-02,0,3,89.43,160.56,0,0.0,0,0.0,160.56
429,1039,2025-04-16,1975-11-14,0,1,64.26,64.26,0,0.0,0,0.0,64.26
430,1039,2025-05-02,1975-11-14,0,2,85.58,104.54,0,0.0,0,0.0,104.54
431,1039,2025-08-03,1975-11-14,0,3,77.41,155.18,0,0.0,0,0.0,155.18
432,1039,2025-09-29,1975-11-14,0,2,44.45,58.79,1,5.0,0,0.0,53.79
433,1039,2025-11-29,1975-11-14,1,1,46.41,46.41,0,0.0,1,9.28,37.13
450,1040,2025-06-01,1986-05-11,1,3,45.12,95.72,0,0.0,0,0.0,95.72
451,1040,2025-06-08,1986-05-11,1,1,42.02,42.02,0,0.0,0,0.0,42.02
452,1040,2025-07-30,1986-05-11,0,1,83.45,83.45,0,0.0,0,0.0,83.45
453,1040,2025-09-13,1986-05-11,0,2,46.96,80.39,1,5.0,0,0.0,75.39
454,1040,2025-11-28,1986-05-11,0,2,33.64,58.01,0,0.0,0,0.0,58.01
470,1041,2025-02-23,2002-12-22,0,1,27.86,27.86,0,0.0,0,0.0,27.86
471,1041,2025-04-24,2002-12-22,0,2,86.55,108.31,0,0.0,0,0.0,108.31
472,1041,2025-10-17,2002-12-22,0,3,42.63,107.03,0,0.0,0,0.0,107.03
473,1041,2025-11-10,2002-12-22,0,2,20.02,33.87,1,5.0,0,0.0,28.87
474,1041,2025-11-24,2002-12-22,0,3,38.81,87.31,0,0.0,0,0.0,87.31
475,1041,2025-12-29,2002-12-22,1,2,52.74,86.11,0,0.0,0,0.0,86.11
476,1042,2025-01-11,1987-02-28,0,1,11.69,11.69,0,0.0,0,0.0,11.69
477,1042,2025-01-18,1987-02-28,0,2,19.77,39.18,0,0.0,0,0.0,39.18
478,1042,2025-02-07,1987-02-28,0,2,37.23,67.68,0,0.0,0,0.0,67.68
479,1042,2025-03-08,1987-02-28,1,3,66.16,89.05,0,0.0,1,13.23,75.82
480,1042,2025-05-31,1987-02-28,0,3,78.91,149.76,0,0.0,0,0.0,149.76
481,1042,2025-06-13,1987-02-28,0,2,60.81,93.1,1,5.0,0,0.0,88.1
482,1043,2025-02-14,1985-09-07,0,1,12.06,12.06,0,0.0,0,0.0,12.06
483,1043,2025-05-31,1985-09-07,0,3,64.66,112.01,0,0.0,0,0.0,112.01
484,1043,2025-09-22,1985-09-07,1,3,35.71,93.59,0,0.0,1,7.14,86.45
485,1043,2025-11-04,1985-09-07,0,1,29.29,29.29,1,5.0,0,0.0,24.29
486,1043,2025-11-17,1985-09-07,0,1,66.92,66.92,0,0.0,0,0.0,66.92
487,1043,2025-12-05,1985-09-07,0,1,50.01,50.01,0,0.0,0,0.0,50.01
493,1044,2025-03-17,1985-10-02,0,3,71.91,117.78,0,0.0,0,0.0,117.78
494,1044,2025-04-14,1985-10-02,0,2,91.0,106.87,0,0.0,0,0.0,106.87
495,1044,2025-05-13,1985-10-02,0,2,15.82,31.48,1,5.0,0,0.0,26.48
496,1044,2025-08-11,1985-10-02,0,1,86.87,86.87,0,0.0,0,0.0,86.87
497,1044,2025-10-12,1985-10-02,1,1,56.01,56.01,0,0.0,0,0.0,56.01
498,1044,2025-11-01,1985-10-02,1,2,79.63,111.06,0,0.0,0,0.0,111.06
499,1044,2025-11-18,1985-10-02,0,2,32.16,43.59,0,0.0,0,0.0,43.59
513,1045,2025-01-05,1989-07-29,0,2,91.27,131.95,0,0.0,0,0.0,131.95
514,1045,2025-03-09,1989-07-29,0,2,33.48,65.52,0,0.0,0,0.0,65.52
515,1045,2025-03-30,1989-07-29,0,2,40.96,76.79,1,5.0,0,0.0,71.79
516,1045,2025-08-05,1989-07-29,1,1,36.61,36.61,0,0.0,1,7.32,29.29
517,1045,2025-11-04,1989-07-29,0,2,40.26,74.49,0,0.0,0,0.0,74.49
518,1045,2025-11-28,1989-07-29,0,2,85.83,102.23,0,0.0,0,0.0,102.23
519,1046,2025-04-07,1978-07-12,0,3,77.99,181.86,0,0.0,0,0.0,181.86
520,1046,2025-06-02,1978-07-12,0,3,34.04,66.05,1,5.0,0,0.0,61.05
521,1046,2025-07-16,1978-07-12,1,3,44.52,89.74,0,0.0,0,0.0,89.74
522,1046,2025-11-30,1978-07-12,0,3,75.09,143.45,0,0.0,0,0.0,143.45
523,1046,2025-12-02,1978-07-12,0,3,63.83,107.06,0,0.0,0,0.0,107.06
524,1046,2025-12-31,1978-07-12,0,1,96.98,96.98,0,0.0,0,0.0,96.98
544,1047,2025-02-09,1988-01-19,1,3,36.22,68.41,0,0.0,0,0.0,68.41
545,1047,2025-03-20,1988-01-19,0,2,51.55,62.72,0,0.0,0,0.0,62.72
546,1047,2025-04-16,1988-01-19,0,1,44.92,44.92,0,0.0,0,0.0,44.92
547,1047,2025-05-10,1988-01-19,0,3,34.06,91.02,1,5.0,0,0.0,86.02
548,1047,2025-08-31,1988-01-19,0,1,43.65,43.65,0,0.0,0,0.0,43.65
549,1047,2025-12-22,1988-01-19,0,3,90.14,156.24,0,0.0,0,0.0,156.24
550,1047,2025-12-26,1988-01-19,0,3,91.7,179.57,0,0.0,0,0.0,179.57
551,1048,2025-01-26,1999-10-30,0,1,75.56,75.56,0,0.0,0,0.0,75.56
552,1048,2025-04-29,1999-10-30,0,2,52.15,80.42,0,0.0,0,0.0,80.42
553,1048,2025-05-16,1999-10-30,0,1,11.37,11.37,1,5.0,0,0.0,6.37
554,1048,2025-06-01,1999-10-30,0,3,47.07,110.42,0,0.0,0,0.0,110.42
555,1048,2025-08-22,1999-10-30,0,2,39.24,71.75,0,0.0,0,0.0,71.75
556,1048,2025-08-26,1999-10-30,0,2,38.85,77.27,1,5.0,0,0.0,72.27
557,1048,2025-11-02,1999-10-30,1,1,16.95,16.95,0,0.0,0,0.0,16.95
558,1049,2025-02-23,1988-03-20,0,3,42.42,100.15,0,0.0,0,0.0,100.15
559,1049,2025-03-23,1988-03-20,1,3,71.37,148.85,0,0.0,0,0.0,148.85
560,1049,2025-04-04,1988-03-20,1,2,43.01,58.25,1,5.0,0,0.0,53.25
561,1049,2025-08-02,1988-03-20,0,3,75.68,150.78,0,0.0,0,0.0,150.78
562,1049,2025-10-30,1988-03-20,0,3,42.82,116.67,0,0.0,0,0.0,116.67
563,1050,2025-01-06,1989-04-14,0,1,34.68,34.68,0,0.0,0,0.0,34.68
564,1050,2025-01-28,1989-04-14,0,2,64.74,77.14,0,0.0,0,0.0,77.14
565,1050,2025-05-04,1989-04-14,1,2,28.06,44.48,0,0.0,1,5.61,38.87
566,1050,2025-10-13,1989-04-14,0,1,14.43,14.43,0,0.0,0,0.0,14.43
567,1050,2025-11-10,1989-04-14,0,3,64.91,132.61,0,0.0,0,0.0,132.61
568,1051,2025-01-19,2000-04-22,0,1,53.74,53.74,0,0.0,0,0.0,53.74
569,1051,2025-05-09,2000-04-22,1,3,73.68,148.59,0,0.0,0,0.0,148.59
570,1051,2025-07-26,2000-04-22,0,1,55.32,55.32,0,0.0,0,0.0,55.32
571,1051,2025-07-31,2000-04-22,0,2,39.85,76.94,0,0.0,0,0.0,76.94
572,1051,2025-10-13,2000-04-22,0,3,39.49,83.04,0,0.0,0,0.0,83.04
579,1052,2025-06-10,1997-10-11,0,3,89.38,164.29,0,0.0,0,0.0,164.29
580,1052,2025-06-22,1997-10-11,0,1,39.26,39.26,1,5.0,0,0.0,34.26
581,1052,2025-07-15,1997-10-11,0,2,34.12,51.11,0,0.0,0,0.0,51.11
582,1052,2025-07-17,1997-10-11,0,3,72.09,143.51,0,0.0,0,0.0,143.51
583,1052,2025-10-23,1997-10-11,1,1,32.47,32.47,0,0.0,1,6.49,25.98
584,1052,2025-12-21,1997-10-11,0,2,91.3,123.94,0,0.0,0,0.0,123.94
585,1053,2025-06-03,2000-03-07,0,3,46.82,122.19,0,0.0,0,0.0,122.19
586,1053,2025-09-17,2000-03-07,0,2,60.37,91.42,0,0.0,0,0.0,91.42
587,1053,2025-10-02,2000-03-07,0,2,44.99,56.98,1,5.0,0,0.0,51.98
588,1053,2025-12-18,2000-03-07,0,1,80.49,80.49,0,0.0,0,0.0,80.49
589,1054,2025-02-01,1971-02-05,0,3,52.17,89.48,0,0.0,0,0.0,89.48
590,1054,2025-03-01,1971-02-05,1,3,42.7,121.56,0,0.0,1,8.54,113.02
591,1054,2025-04-15,1971-02-05,0,1,81.62,81.62,1,5.0,0,0.0,76.62
592,1054,2025-06-01,1971-02-05,0,3,39.3,89.12,0,0.0,0,0.0,89.12
593,1054,2025-12-20,1971-02-05,0,2,79.42,130.55,0,0.0,0,0.0,130.55
15,2001,2025-01-26,1971-05-04,0,2,52.55,87.64,0,0.0,0,0.0,87.64
16,2001,2025-04-04,1971-05-04,0,2,20.38,35.76,0,0.0,0,0.0,35.76
17,2001,2025-05-10,1971-05-04,1,2,39.14,49.53,0,0.0,0,0.0,49.53
18,2001,2025-05-14,1971-05-04,1,1,75.97,75.97,1,5.0,0,0.0,70.97
19,2001,2025-06-17,1971-05-04,0,1,33.57,33.57,0,0.0,0,0.0,33.57
20,2001,2025-07-14,1971-05-04,0,2,40.48,74.83,0,0.0,0,0.0,74.83
27,2002,2025-07-08,1994-06-12,1,3,44.01,105.7,0,0.0,0,0.0,105.7
28,2002,2025-08-12,1994-06-12,0,2,39.88,74.92,0,0.0,0,0.0,74.92
29,2002,2025-08-27,1994-06-12,0,2,35.95,62.75,1,5.0,0,0.0,57.75
30,2002,2025-09-05,1994-06-12,0,3,48.95,87.84,0,0.0,0,0.0,87.84
31,2002,2025-10-03,1994-06-12,0,2,37.13,71.36,1,5.0,0,0.0,66.36
32,2002,2025-11-12,1994-06-12,0,2,36.64,53.55,0,0.0,0,0.0,53.55
33,2003,2025-05-03,1970-04-17,1,2,44.05,77.35,0,0.0,1,8.81,68.54
34,2003,2025-07-08,1970-04-17,0,2,43.3,69.6,0,0.0,0,0.0,69.6
35,2003,2025-08-31,1970-04-17,0,3,44.52,111.15,0,0.0,0,0.0,111.15
36,2003,2025-10-11,1970-04-17,0,3,70.82,144.31,1,5.0,0,0.0,139.31
37,2003,2025-10-25,1970-04-17,0,3,63.78,133.24,1,5.0,0,0.0,128.24
38,2003,2025-12-06,1970-04-17,0,2,14.78,27.61,1,5.0,0,0.0,22.61
39,2004,2025-01-27,1979-08-29,0,1,27.77,27.77,0,0.0,0,0.0,27.77
40,2004,2025-02-28,1979-08-29,0,3,48.97,97.25,0,0.0,0,0.0,97.25
41,2004,2025-04-05,1979-08-29,0,3,43.51,118.1,0,0.0,0,0.0,118.1
42,2004,2025-05-10,1979-08-29,0,2,38.52,74.8,1,5.0,0,0.0,69.8
43,2004,2025-09-02,1979-08-29,1,1,41.09,41.09,0,0.0,1,8.22,32.87
44,2004,2025-09-24,1979-08-29,1,1,33.96,33.96,0,0.0,0,0.0,33.96
55,2005,2025-03-07,1983-02-25,1,3,35.6,67.16,0,0.0,1,7.12,60.04
56,2005,2025-06-20,1983-02-25,0,3,37.29,66.16,0,0.0,0,0.0,66.16
57,2005,2025-06-28,1983-02-25,0,1,38.13,38.13,0,0.0,0,0.0,38.13
58,2005,2025-07-29,1983-02-25,0,2,34.97,51.19,1,5.0,0,0.0,46.19
59,2005,2025-08-29,1983-02-25,0,2,46.47,85.01,0,0.0,0,0.0,85.01
70,2006,2025-03-19,1986-05-14,0,1,19.64,19.64,0,0.0,0,0.0,19.64
71,2006,2025-06-13,1986-05-14,1,2,65.77,128.97,0,0.0,0,0.0,128.97
72,2006,2025-07-15,1986-05-14,0,2,19.69,38.39,0,0.0,0,0.0,38.39
73,2006,2025-07-17,1986-05-14,0,1,39.68,39.68,1,5.0,0,0.0,34.68
74,2006,2025-09-11,1986-05-14,0,2,33.88,65.07,0,0.0,0,0.0,65.07
75,2006,2025-11-30,1986-05-14,0,3,71.55,162.7,0,0.0,0,0.0,162.7
76,2006,2025-12-06,1986-05-14,0,1,33.51,33.51,0,0.0,0,0.0,33.51
77,2007,2025-02-16,1981-12-23,0,2,33.77,44.05,0,0.0,0,0.0,44.05
78,2007,2025-02-20,1981-12-23,0,1,34.99,34.99,0,0.0,0,0.0,34.99
79,2007,2025-04-27,1981-12-23,0,1,28.23,28.23,0,0.0,0,0.0,28.23
80,2007,2025-05-28,1981-12-23,0,3,56.12,100.9,0,0.0,0,0.0,100.9
81,2007,2025-08-11,1981-12-23,0,3,36.08,78.7,0,0.0,0,0.0,78.7
82,2007,2025-11-21,1981-12-23,0,2,38.82,52.27,0,0.0,0,0.0,52.27
83,2007,2025-12-24,1981-12-23,1,3,69.05,155.98,0,0.0,0,0.0,155.98
104,2008,2025-02-20,1979-06-19,0,1,30.55,30.55,0,0.0,0,0.0,30.55
105,2008,2025-06-30,1979-06-19,1,1,94.72,94.72,0,0.0,0,0.0,94.72
106,2008,2025-07-08,1979-06-19,1,1,39.62,39.62,0,0.0,0,0.0,39.62
107,2008,2025-10-06,1979-06-19,0,3,89.65,138.42,0,0.0,0,0.0,138.42
108,2008,2025-11-27,1979-06-19,0,3,77.01,126.51,1,5.0,0,0.0,121.51
109,2008,2025-12-18,1979-06-19,0,1,39.67,39.67,0,0.0,0,0.0,39.67
110,2009,2025-02-26,1987-10-01,0,1,13.57,13.57,0,0.0,0,0.0,13.57
111,2009,2025-03-31,1987-10-01,0,1,30.23,30.23,0,0.0,0,0.0,30.23
112,2009,2025-05-09,1987-10-01,0,2,44.9,60.15,0,0.0,0,0.0,60.15
113,2009,2025-10-04,1987-10-01,1,2,36.84,72.77,0,0.0,0,0.0,72.77
114,2009,2025-10-22,1987-10-01,1,1,71.29,71.29,1,5.0,1,14.26,52.03
122,2010,2025-02-04,1989-03-21,0,1,10.96,10.96,0,0.0,0,0.0,10.96
123,2010,2025-02-16,1989-03-21,0,3,48.95,81.25,0,0.0,0,0.0,81.25
124,2010,2025-03-20,1989-03-21,0,2,44.0,87.01,0,0.0,0,0.0,87.01
125,2010,2025-04-16,1989-03-21,1,3,30.14,70.87,1,5.0,0,0.0,65.87
126,2010,2025-08-31,1989-03-21,0,2,36.9,50.57,0,0.0,0,0.0,50.57
127,2010,2025-12-18,1989-03-21,0,2,59.23,101.9,0,0.0,0,0.0,101.9
135,2011,2025-05-17,1976-11-09,0,3,88.35,139.73,0,0.0,0,0.0,139.73
136,2011,2025-05-19,1976-11-09,0,1,38.67,38.67,0,0.0,0,0.0,38.67
137,2011,2025-08-14,1976-11-09,0,1,17.46,17.46,0,0.0,0,0.0,17.46
138,2011,2025-09-14,1976-11-09,0,1,15.32,15.32,0,0.0,0,0.0,15.32
139,2011,2025-10-28,1976-11-09,0,1,38.32,38.32,0,0.0,0,0.0,38.32
140,2011,2025-11-25,1976-11-09,1,2,50.55,60.96,0,0.0,0,0.0,60.96
141,2011,2025-11-26,1976-11-09,1,1,67.26,67.26,0,0.0,1,13.45,53.81
142,2012,2025-02-28,1996-10-02,0,1,65.15,65.15,0,0.0,0,0.0,65.15
143,2012,2025-05-29,1996-10-02,0,3,36.45,102.92,0,0.0,0,0.0,102.92
144,2012,2025-07-27,1996-10-02,0,2,34.14,67.23,1,5.0,0,0.0,62.23
145,2012,2025-08-02,1996-10-02,0,2,48.99,64.29,0,0.0,0,0.0,64.29
146,2012,2025-10-14,1996-10-02,1,1,70.47,70.47,0,0.0,0,0.0,70.47
147,2012,2025-11-24,1996-10-02,0,3,73.07,118.62,1,5.0,0,0.0,113.62
148,2012,2025-12-30,1996-10-02,0,1,49.66,49.66,0,0.0,0,0.0,49.66
161,2013,2025-02-13,1985-04-05,0,1,46.57,46.57,0,0.0,0,0.0,46.57
162,2013,2025-05-01,1985-04-05,1,3,80.1,165.51,0,0.0,0,0.0,165.51
163,2013,2025-06-08,1985-04-05,0,2,38.94,68.66,1,5.0,0,0.0,63.66
164,2013,2025-06-18,1985-04-05,0,1,64.64,64.64,0,0.0,0,0.0,64.64
165,2013,2025-07-12,1985-04-05,0,2,73.12,91.46,1,5.0,0,0.0,86.46
166,2013,2025-10-14,1985-04-05,0,3,35.03,81.19,0,0.0,0,0.0,81.19
167,2013,2025-11-26,1985-04-05,0,3,43.12,102.19,1,5.0,0,0.0,97.19
173,2014,2025-06-03,1974-10-10,0,2,81.88,154.32,0,0.0,0,0.0,154.32
174,2014,2025-08-30,1974-10-10,0,2,60.84,88.33,0,0.0,0,0.0,88.33
175,2014,2025-10-17,1974-10-10,1,1,69.49,69.49,0,0.0,0,0.0,69.49
176,2014,2025-12-09,1974-10-10,0,1,12.86,12.86,1,5.0,0,0.0,7.86
177,2014,2025-12-30,1974-10-10,0,2,44.1,58.58,0,0.0,0,0.0,58.58
195,2015,2025-05-17,1972-08-07,0,1,31.57,31.57,0,0.0,0,0.0,31.57
196,2015,2025-07-08,1972-08-07,0,3,63.07,122.71,0,0.0,0,0.0,122.71
197,2015,2025-09-01,1972-08-07,1,2,40.34,73.85,1,5.0,0,0.0,68.85
198,2015,2025-09-12,1972-08-07,0,1,48.22,48.22,0,0.0,0,0.0,48.22
199,2015,2025-09-23,1972-08-07,0,3,88.43,189.04,0,0.0,0,0.0,189.04
200,2015,2025-12-21,1972-08-07,0,2,31.59,62.2,0,0.0,0,0.0,62.2
220,2016,2025-03-01,2000-02-17,1,2,38.3,69.87,0,0.0,0,0.0,69.87
221,2016,2025-05-06,2000-02-17,0,2,40.77,67.01,0,0.0,0,0.0,67.01
222,2016,2025-05-29,2000-02-17,0,3,82.81,149.7,0,0.0,0,0.0,149.7
223,2016,2025-06-04,2000-02-17,0,1,32.66,32.66,1,5.0,0,0.0,27.66
224,2016,2025-09-05,2000-02-17,0,1,10.5,10.5,0,0.0,0,0.0,10.5
225,2016,2025-11-25,2000-02-17,0,2,78.87,117.88,0,0.0,0,0.0,117.88
226,2016,2025-12-17,2000-02-17,0,2,75.69,108.87,0,0.0,0,0.0,108.87
227,2017,2025-01-12,1975-06-06,0,2,70.58,102.72,0,0.0,0,0.0,102.72
228,2017,2025-02-16,1975-06-06,0,1,31.94,31.94,0,0.0,0,0.0,31.94
229,2017,2025-06-07,1975-06-06,1,3,32.14,67.44,0,0.0,0,0.0,67.44
230,2017,2025-07-06,1975-06-06,1,2,42.01,81.69,1,5.0,0,0.0,76.69
231,2017,2025-08-28,1975-06-06,0,1,32.92,32.92,0,0.0,0,0.0,32.92
232,2017,2025-09-12,1975-06-06,0,2,59.66,92.45,1,5.0,0,0.0,87.45
233,2017,2025-09-13,1975-06-06,0,3,35.59,71.02,0,0.0,0,0.0,71.02
234,2018,2025-03-15,1996-05-22,0,1,11.36,11.36,0,0.0,0,0.0,11.36
235,2018,2025-04-12,1996-05-22,0,2,38.92,73.38,0,0.0,0,0.0,73.38
236,2018,2025-06-07,1996-05-22,1,1,40.7,40.7,0,0.0,0,0.0,40.7
237,2018,2025-07-25,1996-05-22,0,1,40.79,40.79,0,0.0,0,0.0,40.79
238,2018,2025-09-18,1996-05-22,0,2,37.64,72.53,1,5.0,0,0.0,67.53
239,2018,2025-11-05,1996-05-22,0,3,59.39,141.55,0,0.0,0,0.0,141.55
253,2019,2025-01-27,1991-10-11,0,3,49.55,100.76,0,0.0,0,0.0,100.76
254,2019,2025-02-21,1991-10-11,0,3,88.91,198.08,0,0.0,0,0.0,198.08
255,2019,2025-04-26,1991-10-11,0,3,52.15,107.2,0,0.0,0,0.0,107.2
256,2019,2025-04-30,1991-10-11,0,1,65.24,65.24,1,5.0,0,0.0,60.24
257,2019,2025-07-31,1991-10-11,0,1,71.08,71.08,0,0.0,0,0.0,71.08
258,2019,2025-10-21,1991-10-11,1,2,52.46,89.9,0,0.0,1,10.49,79.41
259,2019,2025-11-23,1991-10-11,0,2,77.03,88.09,1,5.0,0,0.0,83.09
271,2020,2025-02-26,1988-12-31,0,2,39.16,67.84,0,0.0,0,0.0,67.84
272,2020,2025-10-12,1988-12-31,0,3,64.93,136.42,0,0.0,0,0.0,136.42
273,2020,2025-11-17,1988-12-31,0,3,42.12,86.84,1,5.0,0,0.0,81.84
274,2020,2025-12-30,1988-12-31,0,3,42.14,107.07,0,0.0,0,0.0,107.07
275,2020,2025-12-31,1988-12-31,1,2,47.34,78.24,0,0.0,1,9.47,68.77
276,2021,2025-01-31,1999-04-25,0,2,44.37,62.05,0,0.0,0,0.0,62.05
277,2021,2025-02-02,1999-04-25,0,3,87.19,161.61,0,0.0,0,0.0,161.61
278,2021,2025-02-05,1999-04-25,0,2,63.98,82.72,1,5.0,0,0.0,77.72
279,2021,2025-05-24,1999-04-25,1,2,63.81,77.73,0,0.0,0,0.0,77.73
280,2021,2025-10-05,1999-04-25,0,1,72.68,72.68,0,0.0,0,0.0,72.68
281,2021,2025-12-25,1999-04-25,0,2,37.58,71.81,0,0.0,0,0.0,71.81
282,2022,2025-03-21,1985-03-22,0,1,91.74,91.74,0,0.0,0,0.0,91.74
283,2022,2025-03-30,1985-03-22,1,1,16.59,16.59,0,0.0,0,0.0,16.59
284,2022,2025-05-07,1985-03-22,0,3,63.02,109.52,0,0.0,0,0.0,109.52
285,2022,2025-06-27,1985-03-22,0,3,63.16,124.82,1,5.0,0,0.0,119.82
286,2022,2025-08-24,1985-03-22,0,1,19.92,19.92,1,5.0,0,0.0,14.92
292,2023,2025-05-06,1981-03-16,0,1,26.6,26.6,0,0.0,0,0.0,26.6
293,2023,2025-06-14,1981-03-16,0,1,95.4,95.4,0,0.0,0,0.0,95.4
294,2023,2025-10-22,1981-03-16,0,1,38.28,38.28,0,0.0,0,0.0,38.28
295,2023,2025-11-04,1981-03-16,0,1,33.46,33.46,1,5.0,0,0.0,28.46
296,2023,2025-11-06,1981-03-16,0,3,36.5,69.07,0,0.0,0,0.0,69.07
297,2024,2025-07-22,1972-04-08,0,1,23.79,23.79,0,0.0,0,0.0,23.79
298,2024,2025-07-30,1972-04-08,0,3,78.12,122.58,0,0.0,0,0.0,122.58
299,2024,2025-12-14,1972-04-08,0,1,41.62,41.62,0,0.0,0,0.0,41.62
300,2024,2025-12-24,1972-04-08,0,2,35.38,68.45,0,0.0,0,0.0,68.45
307,2025,2025-01-18,1979-08-04,0,1,46.21,46.21,0,0.0,0,0.0,46.21
308,2025,2025-01-25,1979-08-04,0,1,11.5,11.5,0,0.0,0,0.0,11.5
309,2025,2025-01-31,1979-08-04,0,1,33.72,33.72,0,0.0,0,0.0,33.72
310,2025,2025-02-08,1979-08-04,0,3,75.96,186.3,0,0.0,0,0.0,186.3
311,2025,2025-08-28,1979-08-04,1,2,39.76,52.5,0,0.0,0,0.0,52.5
312,2025,2025-09-26,1979-08-04,0,1,36.97,36.97,1,5.0,0,0.0,31.97
313,2025,2025-12-09,1979-08-04,0,2,62.88,96.08,0,0.0,0,0.0,96.08
319,2026,2025-05-19,2002-10-08,0,1,35.6,35.6,0,0.0,0,0.0,35.6
320,2026,2025-09-01,2002-10-08,0,3,87.6,141.91,0,0.0,0,0.0,141.91
321,2026,2025-10-09,2002-10-08,1,3,86.99,180.28,1,5.0,0,0.0,175.28
322,2026,2025-10-18,2002-10-08,1,3,64.19,165.61,1,5.0,0,0.0,160.61
323,2026,2025-12-21,2002-10-08,0,3,34.63,78.48,0,0.0,0,0.0,78.48
331,2027,2025-03-28,1972-07-25,0,1,25.36,25.36,0,0.0,0,0.0,25.36
332,2027,2025-05-05,1972-07-25,0,1,14.34,14.34,0,0.0,0,0.0,14.34
333,2027,2025-07-14,1972-07-25,0,2,58.32,92.98,0,0.0,0,0.0,92.98
334,2027,2025-07-30,1972-07-25,1,3,38.97,105.12,0,0.0,0,0.0,105.12
335,2027,2025-09-24,1972-07-25,0,2,75.86,112.42,1,5.0,0,0.0,107.42
336,2027,2025-10-20,1972-07-25,0,2,59.22,113.29,1,5.0,0,0.0,108.29
337,2027,2025-12-17,1972-07-25,0,2,37.18,70.72,1,5.0,0,0.0,65.72
338,2028,2025-08-03,1972-07-20,1,3,53.57,126.95,0,0.0,0,0.0,126.95
339,2028,2025-08-04,1972-07-20,1,1,38.17,38.17,0,0.0,0,0.0,38.17
340,2028,2025-08-10,1972-07-20,1,3,58.28,116.31,1,5.0,0,0.0,111.31
341,2028,2025-10-30,1972-07-20,0,3,54.17,109.96,0,0.0,0,0.0,109.96
342,2028,2025-11-14,1972-07-20,0,2,41.83,73.3,1,5.0,0,0.0,68.3
343,2028,2025-11-25,1972-07-20,0,3,42.59,117.21,0,0.0,0,0.0,117.21
344,2029,2025-02-13,1996-09-10,0,1,35.32,35.32,0,0.0,0,0.0,35.32
345,2029,2025-09-13,1996-09-10,1,3,44.49,119.14,0,0.0,0,0.0,119.14
346,2029,2025-10-02,1996-09-10,1,2,17.46,29.67,1,5.0,0,0.0,24.67
347,2029,2025-11-01,1996-09-10,0,3,41.58,113.32,0,0.0,0,0.0,113.32
348,2029,2025-11-23,1996-09-10,0,3,87.61,131.4,0,0.0,0,0.0,131.4
349,2029,2025-12-26,1996-09-10,0,3,37.58,84.39,0,0.0,0,0.0,84.39
350,2030,2025-01-17,1981-01-16,1,3,54.92,116.43,0,0.0,0,0.0,116.43
351,2030,2025-02-04,1981-01-16,1,1,35.51,35.51,0,0.0,0,0.0,35.51
352,2030,2025-06-03,1981-01-16,0,2,72.14,105.61,0,0.0,0,0.0,105.61
353,2030,2025-06-13,1981-01-16,0,1,33.14,33.14,0,0.0,0,0.0,33.14
354,2030,2025-08-20,1981-01-16,0,2,38.87,50.83,0,0.0,0,0.0,50.83
355,2030,2025-12-23,1981-01-16,0,2,34.07,46.84,0,0.0,0,0.0,46.84
356,2031,2025-02-22,1999-06-28,0,2,33.4,48.28,0,0.0,0,0.0,48.28
357,2031,2025-04-06,1999-06-28,0,3,36.98,100.15,0,0.0,0,0.0,100.15
358,2031,2025-07-09,1999-06-28,1,1,51.17,51.17,0,0.0,0,0.0,51.17
359,2031,2025-10-02,1999-06-28,0,2,90.15,124.84,0,0.0,0,0.0,124.84
360,2031,2025-10-23,1999-06-28,0,1,30.38,30.38,1,5.0,0,0.0,25.38
368,2032,2025-01-22,2000-02-17,0,3,37.35,102.88,0,0.0,0,0.0,102.88
369,2032,2025-02-28,2000-02-17,1,1,33.48,33.48,0,0.0,0,0.0,33.48
370,2032,2025-03-13,2000-02-17,1,1,39.93,39.93,0,0.0,0,0.0,39.93
371,2032,2025-05-18,2000-02-17,0,1,34.74,34.74,0,0.0,0,0.0,34.74
372,2032,2025-07-07,2000-02-17,0,3,33.09,95.83,0,0.0,0,0.0,95.83
373,2032,2025-10-05,2000-02-17,0,1,47.09,47.09,0,0.0,0,0.0,47.09
374,2032,2025-10-06,2000-02-17,0,3,34.07,99.36,0,0.0,0,0.0,99.36
423,2033,2025-02-14,1998-06-15,0,1,32.99,32.99,0,0.0,0,0.0,32.99
424,2033,2025-05-25,1998-06-15,0,2,39.43,76.79,0,0.0,0,0.0,76.79
425,2033,2025-06-09,1998-06-15,0,1,40.92,40.92,0,0.0,0,0.0,40.92
426,2033,2025-06-17,1998-06-15,1,1,19.31,19.31,1,5.0,0,0.0,14.31
427,2033,2025-06-29,1998-06-15,1,1,26.92,26.92,0,0.0,0,0.0,26.92
428,2033,2025-10-11,1998-06-15,0,3,95.46,192.43,0,0.0,0,0.0,192.43
434,2034,2025-05-20,1994-09-30,0,1,74.07,74.07,0,0.0,0,0.0,74.07
435,2034,2025-06-12,1994-09-30,0,3,33.57,57.9,0,0.0,0,0.0,57.9
436,2034,2025-06-17,1994-09-30,0,1,34.62,34.62,0,0.0,0,0.0,34.62
437,2034,2025-08-20,1994-09-30,0,1,18.07,18.07,0,0.0,0,0.0,18.07
438,2034,2025-10-07,1994-09-30,1,2,46.71,77.91,0,0.0,0,0.0,77.91
439,2034,2025-12-25,1994-09-30,0,2,37.91,57.58,0,0.0,0,0.0,57.58
440,2035,2025-03-31,2000-12-30,0,2,66.49,97.9,0,0.0,0,0.0,97.9
441,2035,2025-05-14,2000-12-30,0,1,34.18,34.18,0,0.0,0,0.0,34.18
442,2035,2025-06-03,2000-12-30,0,1,17.8,17.8,0,0.0,0,0.0,17.8
443,2035,2025-12-13,2000-12-30,0,1,18.23,18.23,0,0.0,0,0.0,18.23
444,2035,2025-12-30,2000-12-30,1,2,87.57,119.24,0,0.0,1,17.51,101.73
445,2036,2025-01-12,1994-10-14,0,1,18.46,18.46,0,0.0,0,0.0,18.46
446,2036,2025-02-03,1994-10-14,0,2,97.71,108.21,0,0.0,0,0.0,108.21
447,2036,2025-04-12,1994-10-14,0,2,42.39,73.26,0,0.0,0,0.0,73.26
448,2036,2025-10-28,1994-10-14,1,1,47.79,47.79,0,0.0,0,0.0,47.79
449,2036,2025-11-27,1994-10-14,0,2,78.57,99.25,0,0.0,0,0.0,99.25
455,2037,2025-04-07,1999-12-02,0,1,24.81,24.81,0,0.0,0,0.0,24.81
456,2037,2025-07-06,1999-12-02,0,3,76.57,154.91,0,0.0,0,0.0,154.91
457,2037,2025-09-08,1999-12-02,0,2,55.27,101.55,0,0.0,0,0.0,101.55
458,2037,2025-11-05,1999-12-02,0,3,44.06,118.68,0,0.0,0,0.0,118.68
459,2037,2025-12-05,1999-12-02,1,3,44.81,117.85,0,0.0,1,8.96,108.89
460,2037,2025-12-07,1999-12-02,1,2,21.11,37.12,0,0.0,0,0.0,37.12
461,2038,2025-01-01,1997-11-03,0,3,38.37,93.26,0,0.0,0,0.0,93.26
462,2038,2025-06-19,1997-11-03,0,1,17.04,17.04,0,0.0,0,0.0,17.04
463,2038,2025-09-02,1997-11-03,0,1,55.38,55.38,0,0.0,0,0.0,55.38
464,2038,2025-09-27,1997-11-03,0,2,88.25,123.73,1,5.0,0,0.0,118.73
465,2038,2025-12-02,1997-11-03,1,1,33.73,33.73,0,0.0,0,0.0,33.73
466,2039,2025-06-09,1971-02-11,0,3,87.66,205.71,0,0.0,0,0.0,205.71
467,2039,2025-08-21,1971-02-11,0,1,43.61,43.61,0,0.0,0,0.0,43.61
468,2039,2025-10-21,1971-02-11,0,2,48.96,68.44,0,0.0,0,0.0,68.44
469,2039,2025-11-16,1971-02-11,0,2,67.01,102.46,1,5.0,0,0.0,97.46
488,2040,2025-06-26,1978-08-31,0,3,42.48,92.57,0,0.0,0,0.0,92.57
489,2040,2025-07-31,1978-08-31,0,2,34.47,62.36,0,0.0,0,0.0,62.36
490,2040,2025-09-24,1978-08-31,1,3,44.73,91.89,1,5.0,0,0.0,86.89
491,2040,2025-10-05,1978-08-31,0,2,84.24,123.67,0,0.0,0,0.0,123.67
492,2040,2025-12-09,1978-08-31,0,1,10.77,10.77,0,0.0,0,0.0,10.77
500,2041,2025-01-20,1984-11-08,0,3,35.86,102.68,0,0.0,0,0.0,102.68
501,2041,2025-05-02,1984-11-08,0,2,79.16,113.71,0,0.0,0,0.0,113.71
502,2041,2025-06-19,1984-11-08,0,2,84.76,117.44,1,5.0,0,0.0,112.44
503,2041,2025-07-22,1984-11-08,0,2,36.62,55.74,1,5.0,0,0.0,50.74
504,2041,2025-07-25,1984-11-08,0,2,54.62,101.95,0,0.0,0,0.0,101.95
505,2041,2025-11-09,1984-11-08,1,3,42.09,100.37,0,0.0,0,0.0,100.37
506,2041,2025-12-20,1984-11-08,0,3,43.68,87.02,0,0.0,0,0.0,87.02
507,2042,2025-04-12,1981-11-28,0,2,30.45,44.16,0,0.0,0,0.0,44.16
508,2042,2025-05-21,1981-11-28,0,3,70.32,144.19,0,0.0,0,0.0,144.19
509,2042,2025-07-08,1981-11-28,0,2,37.72,73.41,1,5.0,0,0.0,68.41
510,2042,2025-08-26,1981-11-28,0,1,73.38,73.38,0,0.0,0,0.0,73.38
511,2042,2025-12-14,1981-11-28,1,1,69.41,69.41,0,0.0,0,0.0,69.41
512,2042,2025-12-27,1981-11-28,1,3,44.5,118.59,0,0.0,0,0.0,118.59
525,2043,2025-02-15,1993-04-28,0,2,37.12,68.88,0,0.0,0,0.0,68.88
526,2043,2025-04-24,1993-04-28,0,1,67.5,67.5,0,0.0,0,0.0,67.5
527,2043,2025-04-25,1993-04-28,0,3,71.44,123.07,0,0.0,0,0.0,123.07
528,2043,2025-05-23,1993-04-28,1,1,54.51,54.51,1,5.0,0,0.0,49.51
529,2043,2025-06-07,1993-04-28,0,1,49.68,49.68,1,5.0,0,0.0,44.68
530,2043,2025-07-01,1993-04-28,0,2,52.41,64.2,0,0.0,0,0.0,64.2
531,2043,2025-08-04,1993-04-28,0,2,39.51,59.59,0,0.0,0,0.0,59.59
532,2044,2025-03-23,1999-10-18,0,1,14.33,14.33,0,0.0,0,0.0,14.33
533,2044,2025-03-28,1999-10-18,0,2,61.12,96.31,0,0.0,0,0.0,96.31
534,2044,2025-04-18,1999-10-18,0,1,48.99,48.99,0,0.0,0,0.0,48.99
535,2044,2025-09-08,1999-10-18,0,2,30.53,60.56,0,0.0,0,0.0,60.56
536,2044,2025-10-23,1999-10-18,1,3,40.12,100.35,0,0.0,0,0.0,100.35
537,2044,2025-11-12,1999-10-18,1,1,10.45,10.45,1,5.0,0,0.0,5.45
538,2045,2025-06-22,1983-06-22,1,3,88.43,189.71,0,0.0,0,0.0,189.71
539,2045,2025-07-05,1983-06-22,1,2,24.21,44.05,1,5.0,0,0.0,39.05
540,2045,2025-08-22,1983-06-22,0,1,32.52,32.52,0,0.0,0,0.0,32.52
541,2045,2025-09-24,1983-06-22,0,2,49.2,86.69,0,0.0,0,0.0,86.69
542,2045,2025-09-26,1983-06-22,0,3,42.53,84.61,1,5.0,0,0.0,79.61
543,2045,2025-11-02,1983-06-22,0,1,33.79,33.79,0,0.0,0,0.0,33.79
573,2046,2025-02-24,1999-07-22,0,1,38.21,38.21,0,0.0,0,0.0,38.21
574,2046,2025-07-11,1999-07-22,0,3,35.88,88.91,0,0.0,0,0.0,88.91
575,2046,2025-07-23,1999-07-22,1,2,40.13,75.26,0,0.0,0,0.0,75.26
576,2046,2025-09-25,1999-07-22,0,1,95.11,95.11,0,0.0,0,0.0,95.11
577,2046,2025-10-08,1999-07-22,0,3,75.12,130.63,0,0.0,0,0.0,130.63
578,2046,2025-12-26,1999-07-22,0,1,30.48,30.48,0,0.0,0,0.0,30.48
